study_id,title,year,source,stage,decision,exclusion_reason
S001,Mental Health Impacts of Climate Change Among Vulnerable Populations Globally: An Integrative Review.,2023,pubmed:37810609,title_abstract,exclude,5.2.6 review; 5.1.2 not skilled migrants
S002,Navigating maternity health care: a survey of the Canadian prairie newcomer experience.,2014,pubmed:24393386,title_abstract,exclude,5.1.2 perinatal/mother sample not defined by skill
S003,Psychological morbidity in Nepali cross-border migrants in India: a community based cross-sectional study.,2019,pubmed:31730454,title_abstract,exclude,5.1.2 semi/unskilled workers; 5.2.8 return migrants
S004,Psychological Distress and Associated Factors among Technical Intern Trainees in Japan: A Cross-Sectional Study.,2024,pubmed:39200574,title_abstract,exclude,5.1.2 low- or semi-skilled migrant workers
S005,Mental Health Care Access and Individual Help-Seeking During the Covid-19 Pandemic.,2022,pubmed:35467308,title_abstract,exclude,5.1.2 general or community migrant sample not defined by skill
S006,[Unaccompanied Minors: Individual Trajectories Confronting Politics].,2020,pubmed:33651934,title_abstract,exclude,5.1.1 children/adolescents
S007,Health and self-perceived barriers to internet use among older migrants: a population-based study.,2022,pubmed:35321678,title_abstract,exclude,5.1.2 general or community migrant sample not defined by skill
S008,Transnational Motherhood: Health of Hispanic Mothers in the United States Who Are Separated From Children.,2017,pubmed:27093905,title_abstract,exclude,5.1.2 perinatal/mother sample not defined by skill
S009,Burnout and Emotional Well-Being among Nephrology Fellows: A National Online Survey.,2020,pubmed:32123052,title_abstract,include,
S010,Simplifying phrases in depression screens: Interpreters' views on usefulness in six languages.,2023,pubmed:38064472,title_abstract,exclude,5.2.5 no depressive-symptom outcome for migrants (methods/provider/service focus)
S011,Decoding the impact of night/day shiftwork on well-being among healthcare workers.,2024,pubmed:38702344,title_abstract,exclude,"5.2.1 Nigerian health workers in Nigeria, not international migrants"
S012,"Private religion/spirituality, self-rated health, and mental health among US South Asians.",2020,pubmed:31650305,title_abstract,exclude,5.1.2 general or community migrant sample not defined by skill
S013,Use of mental health services among disaster survivors: predisposing factors.,2007,pubmed:17650339,title_abstract,exclude,5.2.5 no depressive-symptom outcome for migrants (methods/provider/service focus)
S014,Migrants' experiences as health ambassadors during the COVID-19 pandemic in Norway-a qualitative study.,2025,pubmed:40307864,title_abstract,exclude,5.2.5 no depressive-symptom outcome for migrants (methods/provider/service focus)
S015,Mental health morbidity among people subject to immigration detention in the UK: a feasibility study.,2018,pubmed:28637536,title_abstract,exclude,5.2.4 forced-migrant sample without prior-profession data
S016,Examining Pre-migration Health Among Filipino Nurses.,2015,pubmed:25385090,title_abstract,include,
S017,The tip of the iceberg: postpartum suicidality in Israel.,2018,pubmed:29936911,title_abstract,exclude,5.1.2 perinatal/mother sample not defined by skill
S018,Examining Processes of Care Redesign: Direct Observation of Group Well-Child Care.,2023,pubmed:36286247,title_abstract,exclude,5.1.2 perinatal/mother sample not defined by skill
S019,HIV and religion in HIV-infected Asians and their families: A qualitative study.,2018,pubmed:30389055,title_abstract,exclude,5.1.2 general or community migrant sample not defined by skill
S020,Interactions of perinatal depression versus anxiety and infants' early temperament trajectories.,2024,pubmed:38010823,title_abstract,exclude,5.1.2 perinatal/mother sample not defined by skill
S021,Assessing psychological symptoms in recent immigrant adolescents.,2011,pubmed:20821266,title_abstract,exclude,5.1.1 children/adolescents
S022,Women brothel workers and occupational health risks.,2003,pubmed:14573588,title_abstract,exclude,5.1.2 low- or semi-skilled migrant workers
S023,Depressive Symptoms and the Link with Academic Performance among Rural Taiwanese Children.,2020,pubmed:32316516,title_abstract,exclude,5.1.1 children/adolescents
S024,Preferences for mental health treatment for post-partum depression among new mothers.,2019,pubmed:31806009,title_abstract,exclude,5.1.2 perinatal/mother sample not defined by skill
S025,Factors Associated With Habitual Drug Use Among Adolescents: A Secondary Data Analysis.,2025,pubmed:39742992,title_abstract,exclude,5.1.1 children/adolescents
S026,Identifying medical students at risk of underperformance from significant stressors.,2016,pubmed:26837428,title_abstract,exclude,5.2.3 current students
S027,"Psychological distress, resettlement stress, and lower school engagement among Arabic-speaking refugee parents in Sydney, Australia: A cross-sectional cohort study.",2021,pubmed:34252076,title_abstract,exclude,5.2.4 forced-migrant sample without prior-profession data
S028,How the Coronavirus Lockdown Impacts the Impoverished in India.,2021,pubmed:33104967,title_abstract,exclude,5.2.1 internal migration
S029,Depressive symptoms and negative life events: What psycho-social factors protect or harm left-behind children in China?,2017,pubmed:29246120,title_abstract,exclude,5.1.1 children/adolescents
S030,Loneliness at Universities: Determinants of Emotional and Social Loneliness among Students.,2018,pubmed:30158447,title_abstract,exclude,5.2.3 current students
S031,Emotional and behavioral problems in migrant children.,2003,pubmed:12596091,title_abstract,exclude,5.1.1 children/adolescents
S032,COVID 19 pandemic: Mental health challenges of internal migrant workers of India.,2020,pubmed:32593122,title_abstract,exclude,5.2.1 internal migration
S033,Health-related and social factors predicting non-reemployment amongst newly unemployed.,2012,pubmed:23092291,title_abstract,exclude,5.2.5 no depressive-symptom outcome for migrants (methods/provider/service focus)
S034,"Immigration, acculturation, and preferred help-seeking sources for depression: comparison of five ethnic groups.",2020,pubmed:32652988,title_abstract,exclude,5.1.2 general or community migrant sample not defined by skill
S035,"Uncertainties, Fear and Stigma: Perceptions of Zika Virus among Pregnant Women in Spain.",2020,pubmed:32933007,title_abstract,exclude,5.1.2 perinatal/mother sample not defined by skill
S036,Depression as a Risk Factor for Physical Illness and Multimorbidity in a Cohort with No Prior Comorbidity.,2021,pubmed:33242993,title_abstract,exclude,5.1.2 general or community migrant sample not defined by skill
S037,Feasibility and Acceptability of a Video Group Psychoeducational Intervention with Latina Immigrant Mothers to Enhance Infant Primary care.,2024,pubmed:38963477,title_abstract,exclude,5.1.2 perinatal/mother sample not defined by skill
S038,Self-perceived mobility in immigrants in Sweden living with the late effects of polio.,2020,pubmed:30907167,title_abstract,exclude,5.1.2 general or community migrant sample not defined by skill
S039,The Extent of Psychosocial Distress among Immigrant and Non-Immigrant Homecare Nurses-A Comparative cross Sectional Survey.,2020,pubmed:32138277,title_abstract,include,
S040,Patient-reported outcomes and experiences in the transition of undocumented patients from emergency to scheduled hemodialysis.,2021,pubmed:33129568,title_abstract,exclude,5.1.2 general or community migrant sample not defined by skill
S041,Mental health in immigrant children in the Netherlands.,2005,pubmed:16003599,title_abstract,exclude,5.1.1 children/adolescents
S042,Residents' preferences and preparation for caring for underserved populations.,2001,pubmed:11564855,title_abstract,exclude,5.2.5 IMG status is a covariate; no depressive-symptom outcome
S043,Adapting Meaning-Centered Psychotherapy in Advanced Cancer for the Chinese Immigrant Population.,2018,pubmed:28455760,title_abstract,exclude,5.1.2 general or community migrant sample not defined by skill
S044,Patient reported symptom burden amongst immigrant and Canadian long-term resident women undergoing breast cancer surgery.,2023,pubmed:37081175,title_abstract,exclude,5.1.2 general or community migrant sample not defined by skill
S045,Mental health of undocumented migrants and migrants undergoing regularization in Switzerland: a cross-sectional study.,2021,pubmed:33794822,title_abstract,exclude,5.1.2 general or community migrant sample not defined by skill
S046,Decoding acculturative stress and psychological distress in Mexican immigrant women: insights from a path mediation analysis.,2024,pubmed:39731083,title_abstract,exclude,5.1.2 general or community migrant sample not defined by skill
S047,Academic Performance and the Link with Depressive Symptoms among Rural Han and Minority Chinese Adolescents.,2022,pubmed:35627563,title_abstract,exclude,5.1.1 children/adolescents
S048,Insights from the EQUALS4COVID19 study on migrant mental health in Portugal: a cross-sectional mixed-methods approach.,2024,pubmed:39075428,title_abstract,exclude,5.1.2 general or community migrant sample not defined by skill
S049,Examining the Relation between Caregiver Mental Health and Student Outcomes in Rural China.,2021,pubmed:34886336,title_abstract,exclude,5.1.1 children/adolescents
S050,Using the PDCA cycle to uncover sources of mental health disparities for Hispanics.,2023,pubmed:36533717,title_abstract,exclude,5.2.5 no depressive-symptom outcome for migrants (methods/provider/service focus)
S051,How does working time impact perceived mental disorders? New insights into the U-shaped relationship.,2024,pubmed:39022408,title_abstract,exclude,5.2.1 internal migration
S052,Discrimination and Depressive Symptoms Among Latina/o Adolescents of Immigrant Parents.,2016,pubmed:26861795,title_abstract,exclude,5.1.1 children/adolescents
S053,Patterns of mental health help seeking among Latina immigrant women.,2025,pubmed:40813640,title_abstract,exclude,5.1.2 general or community migrant sample not defined by skill
S054,"[Acculturation, bicultural identity and psychiatric morbidity in young Turkish patients in Germany].",2009,pubmed:19504364,title_abstract,exclude,5.1.2 general or community migrant sample not defined by skill
S055,[Ethnopsychiatry in the elderly].,2009,pubmed:19720578,title_abstract,exclude,5.2.6 review/protocol/commentary
S056,"A Global Survey of Ethnic Indian Women Living with Polycystic Ovary Syndrome: Co-Morbidities, Concerns, Diagnosis Experiences, Quality of Life, and Use of Treatment Methods.",2022,pubmed:36497927,title_abstract,exclude,5.2.5 no depressive-symptom outcome for migrants (methods/provider/service focus)
S057,Efficacy of a Latino mother-child communication intervention in elementary schools.,2015,pubmed:24643757,title_abstract,exclude,5.1.1 children/adolescents
S058,Quality of Life and Psychometric Characteristics of Syrian Refugee Physicians Who Migrated to Turkey: A Cross-Sectional Study.,2023,pubmed:38094991,title_abstract,include,
S059,Effect of trauma on asylum seekers and refugees receiving a WHO psychological intervention: a mediation model.,2024,pubmed:38828909,title_abstract,exclude,5.2.4 forced-migrant sample without prior-profession data
S060,"Race/Ethnicity and self-reported levels of discrimination and psychological distress, California, 2005.",2012,pubmed:23078667,title_abstract,exclude,5.1.2 general or community migrant sample not defined by skill
S061,Acculturation and self-reported health among Hispanics using a socio-behavioral model: the North Texas Healthy Heart Study.,2010,pubmed:20122263,title_abstract,exclude,5.1.2 general or community migrant sample not defined by skill
S062,Measurement equivalence of the Kessler 6 Psychological Distress Scale for Chinese and Korean immigrants: Comparison between younger and older adults.,2020,pubmed:32172536,title_abstract,exclude,5.1.2 general or community migrant sample not defined by skill
S063,Migrant health in cancer: outcome disparities and the determinant role of migrant-specific variables.,2015,pubmed:25802406,title_abstract,exclude,5.1.2 general or community migrant sample not defined by skill
S064,Depression and anxiety among first-generation immigrant Latino youth: key correlates and implications for future research.,2010,pubmed:20611049,title_abstract,exclude,5.1.1 children/adolescents
S065,Informal coercion during childbirth: risk factors and prevalence estimates from a nationwide survey of women in Switzerland.,2021,pubmed:33971841,title_abstract,exclude,5.1.2 perinatal/mother sample not defined by skill
S066,Addressing Psychosocial Topics in Group Well-Child Care: A Multi-Method Study With Immigrant Latino Families.,2022,pubmed:33992841,title_abstract,exclude,5.1.2 perinatal/mother sample not defined by skill
S067,Health Care Access and Physical and Behavioral Health Among Undocumented Latinos in California.,2018,pubmed:30216201,title_abstract,exclude,5.1.2 general or community migrant sample not defined by skill
S068,"Migration experiences, employment status and psychological distress among Somali immigrants: a mixed-method international study.",2012,pubmed:22954304,title_abstract,include,
S069,What Is Frailty? Perspectives from Chinese Clinicians and Older Immigrants in New Zealand.,2021,pubmed:33830425,title_abstract,exclude,5.1.2 general or community migrant sample not defined by skill
S070,"Detained asylum seekers, health care, and questions of human(e)ness.",2003,pubmed:14705298,title_abstract,exclude,5.2.4 forced-migrant sample without prior-profession data
S071,"Psychological implications of unemployment among higher educated migrant youth in Kolkata City, India.",2024,pubmed:38702409,title_abstract,exclude,5.2.1 internal migrants (Kolkata); note: graduate-youth design otherwise close to recent_graduate group
S072,Precarious employment and migrant workers' mental health: a protocol for a systematic review of observational studies.,2020,pubmed:32145747,title_abstract,exclude,5.2.6 review/protocol/commentary
S073,Health Status and Association With Interpersonal Relationships Among Chinese Children From Urban Migrant to Rural Left-Behind.,2022,pubmed:35425735,title_abstract,exclude,5.1.1 children/adolescents
S074,Bi-dimensional acculturation and depressive symptom trajectories from pregnancy to 1 year postpartum in marriage-based immigrant women in Taiwan.,2022,pubmed:33261673,title_abstract,exclude,5.1.2 perinatal/mother sample not defined by skill
S075,The association between cross-cultural competence and well-being among registered native and foreign-born nurses in Finland.,2018,pubmed:30532137,title_abstract,include,
S076,Carers' representations of affective mental disorders in British Chinese communities.,2012,pubmed:22332911,title_abstract,exclude,5.1.2 general or community migrant sample not defined by skill
S077,"Mental health priorities and cultural-responsiveness of the Mental Health First Aid (MHFA) training for Asian immigrant populations in Greater Boston, Massachusetts.",2024,pubmed:39014363,title_abstract,exclude,5.1.2 general or community migrant sample not defined by skill
S078,Barriers and facilitators to mental health promotion for Mexican immigrants in the U.S. through the Ventanillas de Salud program.,2023,pubmed:37841719,title_abstract,exclude,5.1.2 general or community migrant sample not defined by skill
S079,Estimating the effects of immigration status on mental health care utilizations in the United States.,2011,pubmed:21286813,title_abstract,exclude,5.1.2 general or community migrant sample not defined by skill
S080,"""Tension"" in South Asian women: developing a measure of common mental disorder using participatory methods.",2013,pubmed:24375184,title_abstract,exclude,5.1.2 general or community migrant sample not defined by skill
S081,Examining recovery and mental health service satisfaction among young immigrant Muslim women with mental distress in Quebec.,2024,pubmed:38956511,title_abstract,exclude,5.1.2 general or community migrant sample not defined by skill
S082,Acculturation and orofacial pain among Hispanic adults.,2008,pubmed:18456564,title_abstract,exclude,5.1.2 general or community migrant sample not defined by skill
S083,Interdisciplinary pain rehabilitation for immigrants with chronic pain who need language interpretation - a one-year follow-up.,2026,pubmed:42496609,title_abstract,exclude,5.1.2 general or community migrant sample not defined by skill
S084,Latino immigrants' intentions to seek depression care.,2007,pubmed:17535121,title_abstract,exclude,5.1.2 general or community migrant sample not defined by skill
S085,"Is violent radicalisation associated with poverty, migration, poor self-reported health and common mental disorders?",2014,pubmed:24599058,title_abstract,exclude,5.1.2 general or community migrant sample not defined by skill
S086,Is breastfeeding duration related to the health of migrant mother-child dyads experiencing homelessness? The ENFAMS cross-sectional survey.,2023,pubmed:37339520,title_abstract,exclude,5.1.2 perinatal/mother sample not defined by skill
S087,"Mental health of South Asian youth in Peel Region, Toronto, Canada: a qualitative study of determinants, coping strategies and service access.",2017,pubmed:29101148,title_abstract,exclude,5.1.2 general or community migrant sample not defined by skill
S088,A brief transdiagnostic psychological intervention for Afghan asylum seekers and refugees in Austria: a randomized controlled trial.,2020,pubmed:31918760,title_abstract,exclude,5.2.4 forced-migrant sample without prior-profession data
S089,The role of self-rated mental health in seeking professional mental health services among older Korean immigrants.,2021,pubmed:32349527,title_abstract,exclude,5.1.2 general or community migrant sample not defined by skill
S090,Under-use of migrants' employment skills linked to poorer mental health.,2012,pubmed:22487345,title_abstract,include,
S091,Mental Health and COVID-19 Pandemic Stressors Among Latina/o/x College Students with Varying Self and Parental Immigration Status.,2023,pubmed:35072943,title_abstract,exclude,5.2.3 current students
S092,Effect of race and sex on primary care physicians' diagnosis and treatment of late-life depression.,2005,pubmed:15877552,title_abstract,exclude,5.2.5 physician diagnostic behaviour study; no migrant outcome
S093,Experiences of discrimination among Chinese American adolescents and the consequences for socioemotional and academic development.,2009,pubmed:19899924,title_abstract,exclude,5.1.1 children/adolescents
S094,"Life course rural/urban place of residence, depressive symptoms and cognitive impairment among older adults: findings from the Longitudinal Aging Study in India.",2023,pubmed:37268912,title_abstract,exclude,5.2.1 internal migration
S095,PTSD in urban primary care: high prevalence and low physician recognition.,2007,pubmed:17503105,title_abstract,exclude,5.1.2 general or community migrant sample not defined by skill
S096,Health care professionals' experiences of screening immigrant mothers for postpartum depression-a qualitative systematic review.,2022,pubmed:35834550,title_abstract,exclude,5.2.6 review/protocol/commentary
S097,mHealth based intervention by social care professionals to support family caregivers to persons with dementia living at home in Sweden (Caregiver Connect): a randomized controlled trial.,2024,pubmed:38877412,title_abstract,exclude,5.2.6 review/protocol/commentary
S098,"Integrating evidence and causal mapping of help-seeking behaviour of migrant women with postpartum depression in Shanghai, China: a scoping review protocol.",2024,pubmed:38951005,title_abstract,exclude,5.2.6 review/protocol/commentary
S099,Factors influencing the psychological help-seeking behaviour of migrant older adults in China: a cross-sectional study.,2025,pubmed:41584174,title_abstract,exclude,5.1.2 general or community migrant sample not defined by skill
S100,"Symptoms of depression and anxiety, and unmet healthcare needs in adults during the COVID-19 pandemic: a cross-sectional study from the Canadian Longitudinal Study on Aging.",2022,pubmed:36456993,title_abstract,exclude,5.1.2 general or community migrant sample not defined by skill
S101,Maternal Filicide among Women Admitted to Forensic Psychiatric Institutions in Malaysia: Case Series.,2015,pubmed:26118747,title_abstract,exclude,"5.1.2 forensic case series, not a skilled-migrant sample; 5.2.5"
S102,"Mental health and migration: depression, alcohol abuse, and access to health care among migrants in Central Asia.",2014,pubmed:24186359,title_abstract,exclude,5.1.2 general or community migrant sample not defined by skill
S103,Dignity of Work and at Work: The Relationship between Workplace Dignity and Health among Latino Immigrants during the COVID-19 Pandemic.,2024,pubmed:39063431,title_abstract,exclude,"5.1.2 low-income Latino immigrants, qualitative; note: underemployment and job loss linked to depression (factor context only)"
S104,The Social Determinants of Refugee Mental Health in the Post-Migration Context: A Critical Review.,2018,pubmed:29202665,title_abstract,exclude,5.2.6 review/protocol/commentary
S105,Predictors of professional help-seeking for emotional problems in Afghan and Iraqi refugees in Australia: findings from the Building a New Life in Australia Database.,2019,pubmed:31703660,title_abstract,exclude,5.2.4 forced-migrant sample without prior-profession data
S106,Identification of Emotional Distress Among Asylum Seekers and Migrant Workers by Primary Care Physicians: A Brief Report.,2015,pubmed:27357550,title_abstract,exclude,5.2.4 forced-migrant sample without prior-profession data
S107,"Microbusinesses and Occupational Stress: Emotional Demands, Job Resources, and Depression Among Korean Immigrant Microbusiness Owners in Toronto, Canada.",2019,pubmed:31588699,title_abstract,include,
S108,"Mental health and societal challenges among forced migrants of diverse sexual orientations, gender identities and gender expressions: health professionals' descriptions and interpretations.",2024,pubmed:38250794,title_abstract,exclude,5.2.4 forced-migrant sample without prior-profession data
S109,A natural experiment in social security as public health measure: Experiences of international students as temporary migrant workers during two Covid-19 lockdowns.,2022,pubmed:36244108,title_abstract,exclude,5.2.3 current students
S110,Insomnia late in pregnancy is associated with perinatal anxiety: A longitudinal cohort study.,2019,pubmed:30735852,title_abstract,exclude,5.1.2 perinatal/mother sample not defined by skill
S111,Help-seeking for depression among Vietnamese migrant workers in Japan and factors related to their intentions to seek help from a psychiatrist: a cross-sectional study.,2025,pubmed:39875905,title_abstract,exclude,5.1.2 low- or semi-skilled migrant workers
S112,"Acculturative stress, work-related psychosocial factors and depression in Korean-Chinese migrant workers in Korea.",2012,pubmed:22790523,title_abstract,exclude,5.1.2 low- or semi-skilled migrant workers
S113,Healthy Immigrant Effect or Under-Detection? Examining Undiagnosed and Unrecognized Late-Life Depression for Racialized Immigrants and Nonimmigrants in Canada.,2024,pubmed:37498769,title_abstract,exclude,5.1.2 general or community migrant sample not defined by skill
S114,"SALaMA study protocol: a mixed methods study to explore mental health and psychosocial support for conflict-affected youth in Detroit, Michigan.",2020,pubmed:31924196,title_abstract,exclude,5.2.6 review/protocol/commentary
S115,Adaptation and feasibility of a communication intervention for Mexican immigrant mothers and children in a school setting.,2014,pubmed:23616468,title_abstract,exclude,5.1.1 children/adolescents
S116,Parental migration patterns and risk of depression and anxiety disorder among rural children aged 10-18 years in China: a cross-sectional study.,2015,pubmed:26715475,title_abstract,exclude,5.1.1 children/adolescents
S117,"'Wait and wait, that is the only thing they can say': a qualitative study exploring experiences of immigrated Syrian doctors applying for medical license in Germany.",2020,pubmed:32321507,title_abstract,include,
S118,Clinicians' lived experience of concealing bad news: a qualitative study in Malaysia and the UK.,2025,pubmed:40447427,title_abstract,exclude,5.2.5 IMGs interviewed about disclosure ethics; no depressive-symptom outcome
S119,Qualitative study on mental health and well-being of Syrian refugees and their coping mechanisms towards integration in the UK.,2021,pubmed:34417211,title_abstract,exclude,5.2.4 forced-migrant sample without prior-profession data
S120,Pain intensity and severe pain in young immigrant patients with long-standing back pain.,2008,pubmed:17952473,title_abstract,exclude,5.1.2 general or community migrant sample not defined by skill
S121,Adverse Childhood Experiences and Depressive Symptoms among Young Adult Hispanic Immigrants: Moderating and Mediating Effects of Distinct Facets of Acculturation Stress.,2022,pubmed:34524941,title_abstract,exclude,5.1.2 general or community migrant sample not defined by skill
S122,"Protocol for a multi-phase, mixed methods study to develop and evaluate culturally adapted CBT to improve community mental health services for Canadians of south Asian origin.",2021,pubmed:34488853,title_abstract,exclude,5.2.6 review/protocol/commentary
S123,Health of black children and youth in canada: a scoping review.,2025,pubmed:40898226,title_abstract,exclude,5.2.6 review/protocol/commentary
S124,Trajectories of ethnic-racial discrimination among ethnically diverse early adolescents: associations with psychological and social adjustment.,2014,pubmed:25345480,title_abstract,exclude,5.1.1 children/adolescents
S125,"Undiagnosed depression, persistent depressive symptoms and seeking mental health care: analysis of immigrant and non-immigrant participants of the Canadian Longitudinal Study of Aging.",2020,pubmed:32792036,title_abstract,exclude,5.1.2 general or community migrant sample not defined by skill
S126,Gender inequalities in the prevalence of low mood and related factors in schooled adolescents during the 2019-2020 school year: DESKcohort project.,2023,pubmed:37084966,title_abstract,exclude,5.1.1 children/adolescents
S127,Community-based diabetes prevention randomized controlled trial in refugees with depression: effects on metabolic outcomes and depression.,2023,pubmed:37253820,title_abstract,exclude,5.2.4 forced-migrant sample without prior-profession data
S128,Multiple Chronic Conditions and Disability among Vietnamese Older Adults: Results from the Vietnamese Aging and Care Survey (VACS).,2024,pubmed:37249829,title_abstract,exclude,5.1.2 general or community migrant sample not defined by skill
S129,"Migrant well-being and undocumented status in South Korea: a cross-sectional assessment of physical, psychological, social well-being, and health behaviors.",2024,pubmed:38409005,title_abstract,exclude,5.1.2 low- or semi-skilled migrant workers
S130,Socioeconomic determinants affecting the access and utilization of depression care services in immigrants: A population-based study.,2019,pubmed:30865684,title_abstract,exclude,5.1.2 general or community migrant sample not defined by skill
S131,Mexican-origin parents' work conditions and adolescents' adjustment.,2015,pubmed:25938710,title_abstract,exclude,5.1.1 children/adolescents
S132,Comparison of the consumption of antidepressants in the immigrant and native populations in a Spanish health region: an observational study.,2010,pubmed:20478063,title_abstract,exclude,5.1.2 general or community migrant sample not defined by skill
S133,Mother-adolescent language proficiency and adolescent academic and emotional adjustment among Chinese American families.,2009,pubmed:19636729,title_abstract,exclude,5.1.1 children/adolescents
S134,"Effectiveness of psychosocial school interventions in Finnish schools for refugee and immigrant children, ""Refugees Well School"" in Finland (RWS-FI): a protocol for a cluster randomized controlled trial.",2022,pubmed:35086535,title_abstract,exclude,5.2.6 review/protocol/commentary
S135,Experiences of peripartum depressive symptoms among Chinese middle-class migrant women in the Netherlands: a qualitative study of migrant motherhood.,2023,pubmed:37670269,title_abstract,include,
S136,"The use of youth healthcare services and its association with health-related quality of life, physical and mental health and over-the-counter analgesics use in 13-19-year-old adolescents: a cross-sectional study.",2024,pubmed:38183040,title_abstract,exclude,5.1.1 children/adolescents
S137,"""We are the sun for our community:"" Partnering with community health workers/promotores to adapt, deliver and evaluate a home-based collaborative care model to improve equity in access to quality depression care for older U.S. Latino adults who are underserved.",2023,pubmed:36817932,title_abstract,exclude,5.1.2 general or community migrant sample not defined by skill
S138,Assessing the psychosocial work environment of migrant and non-migrant workers in inpatient mental health centres: A feasibility study.,2022,pubmed:36170329,title_abstract,include,
S139,Changes in health after a work-related intervention among highly educated migrants in Norway: a pilot study.,2025,pubmed:41174618,title_abstract,include,
S140,Prevalence of Depressive Symptoms and Associated Factors among Internal Migrants with Tuberculosis: A Cross-Sectional Study in China.,2020,pubmed:31701867,title_abstract,exclude,5.2.1 internal migration
S141,Postpartum depression in special populations: a review.,2012,pubmed:22624779,title_abstract,exclude,5.2.6 review/protocol/commentary
S142,"Mental, neurological and substance use disorders among the Latino migrant population in the United States who visited the Health Windows and Mobile Health Units in 2021.",2023,pubmed:36815159,title_abstract,exclude,5.1.2 general or community migrant sample not defined by skill
S143,"Obstructive sleep apnea, posttraumatic stress disorder, and health in immigrants.",2012,pubmed:23023679,title_abstract,exclude,5.1.2 general or community migrant sample not defined by skill
S144,Effect on breastfeeding practices of providing in-home lactation support to vulnerable women through the Canada Prenatal Nutrition Program: protocol for a pre/post intervention study.,2021,pubmed:34215288,title_abstract,exclude,5.2.6 review/protocol/commentary
S145,"Depression prevalence and primary care among vulnerable patients at a free outpatient clinic in Paris, France, in 2010: results of a cross-sectional survey.",2013,pubmed:24118896,title_abstract,exclude,5.1.2 general or community migrant sample not defined by skill
S146,"Internet-based, culturally sensitive, problem-solving therapy for Turkish migrants with depression: randomized controlled trial.",2013,pubmed:24121307,title_abstract,exclude,5.1.2 general or community migrant sample not defined by skill
S147,"Do good, stay well. Well-being and work satisfaction among German refugee helpers: A national cross-sectional study.",2018,pubmed:30586450,title_abstract,exclude,5.1.2 German refugee helpers (61.6% academics) are not migrants
S148,"Prevalence of Diabetes and Health-Related Quality of Life Among Rural-to-Urban Nong Zhuan Fei Migrants in an Urban Area of Northern China, 2013.",2016,pubmed:26843683,title_abstract,exclude,5.2.1 internal migration
S149,'I don't talk about my distress to others; I feel that I have to suffer my problems...' Voices of Indian women with breast cancer: a qualitative interview study.,2021,pubmed:32955655,title_abstract,exclude,5.2.5 no depressive-symptom outcome for migrants (methods/provider/service focus)
S150,Mothers' accounts of the impact on emotional wellbeing of organised peer support in pregnancy and early parenthood: a qualitative study.,2017,pubmed:28086827,title_abstract,exclude,5.1.2 perinatal/mother sample not defined by skill
S151,A pilot of an intervention delivered to Chinese- and Spanish-speaking carers of people with dementia in Australia.,2014,pubmed:24085251,title_abstract,exclude,5.1.2 general or community migrant sample not defined by skill
S152,Examining the association of food insecurity with mental health and academic performance among Latinx immigration-impacted students.,2025,pubmed:39992298,title_abstract,exclude,5.2.3 current students
S153,Disparities in detection and treatment history among mothers with major depression in Los Angeles.,2009,pubmed:19589472,title_abstract,exclude,5.1.2 perinatal/mother sample not defined by skill
S154,Unintentional Discrimination Against Patients with a Migration Background by General Practitioners in Mental Health Management: An Experimental Study.,2023,pubmed:36646890,title_abstract,exclude,5.1.2 general or community migrant sample not defined by skill
S155,"Social Networks and Depressive Symptoms among Chinese Older Immigrants: Does Quantity, Quality, and Composition of Social Networks Matter?",2021,pubmed:31322054,title_abstract,exclude,5.1.2 general or community migrant sample not defined by skill
S156,The Prevalence and Socio-Demographic Correlates of Depressive Symptoms in Early Adolescents in China: Differences in Only Child and Non-Only Child Groups.,2020,pubmed:31936468,title_abstract,exclude,5.1.1 children/adolescents
S157,Mental health and resiliency following 44 months of terrorism: a survey of an Israeli national representative sample.,2006,pubmed:16934160,title_abstract,exclude,5.1.2 general or community migrant sample not defined by skill
S158,Health impacts of parental migration on left-behind children and adolescents: a systematic review and meta-analysis.,2018,pubmed:30528471,title_abstract,exclude,5.2.6 review/protocol/commentary
S159,Downward social mobility and major depressive episodes among Latino and Asian-American immigrants to the United States.,2009,pubmed:19671834,title_abstract,include,
S160,Pathways to depression care: help-seeking experiences of low-income Latinos with diabetes and depression.,2012,pubmed:22367667,title_abstract,exclude,5.1.2 general or community migrant sample not defined by skill
S161,A Qualitative Study of the Health Perceptions in the Venezuelan Immigrant Population in Medellín (Colombia) and Its Conditioning Factors.,2021,pubmed:33917688,title_abstract,exclude,5.1.2 general or community migrant sample not defined by skill
S162,Primary care professional's perspectives on treatment decision making for depression with African Americans and Latinos in primary care practice.,2014,pubmed:24104206,title_abstract,exclude,5.1.2 general or community migrant sample not defined by skill
S163,Health Status of Afghan Refugees in Europe: Policy and Practice Implications for an Optimised Healthcare.,2022,pubmed:35954518,title_abstract,exclude,5.2.6 review/protocol/commentary
S164,Guided self-help on the Internet for Turkish migrants with depression: the design of a randomized controlled trial.,2010,pubmed:21047442,title_abstract,exclude,5.2.6 review/protocol/commentary
S165,Distinct trajectories in the transition to adulthood: are children of immigrants advantaged?,2012,pubmed:22966927,title_abstract,exclude,5.1.1 children/adolescents
S166,'You withhold what you are feeling so you can have a family': Latinas' perceptions on community values and postpartum depression.,2021,pubmed:34215669,title_abstract,exclude,5.1.2 perinatal/mother sample not defined by skill
S167,"Inter-Generational Differences in Perinatal Health Behaviours: A Secondary Analysis of the Born in Bradford Cohort, Disentangling Ethnicity and Migration.",2023,pubmed:37162712,title_abstract,exclude,5.1.2 perinatal/mother sample not defined by skill
S168,Health-related quality of life of migrant workers: a systematic literature review.,2023,pubmed:37254085,title_abstract,exclude,5.2.6 review/protocol/commentary
S169,How do people of South Asian origin understand and experience depression? A protocol for a systematic review of qualitative literature.,2016,pubmed:27577586,title_abstract,exclude,5.2.6 review/protocol/commentary
S170,"Acculturation Gap Distress among Latino Youth: Prospective Links to Family Processes and Youth Depressive Symptoms, Alcohol Use, and Academic Performance.",2018,pubmed:29030790,title_abstract,exclude,5.1.1 children/adolescents
S171,'Happy that someone cared'-Non-native-speaking immigrant mothers' experiences of participating in screening for postpartum depression in the Swedish child health services.,2019,pubmed:29804463,title_abstract,exclude,5.1.2 perinatal/mother sample not defined by skill
S172,The prevalence of mental health disorders and stress coping strategies among forced migrants from Ukraine and Russia.,2026,pubmed:41946888,title_abstract,include,
S173,"Why underserved patients do not consult their general practitioner for depression: results of a qualitative and a quantitative survey at a free outpatient clinic in Paris, France.",2015,pubmed:25951898,title_abstract,exclude,5.1.2 general or community migrant sample not defined by skill
S174,"Pain drawings, interpreter support and clinical findings among immigrant patients on sick leave in Swedish primary health care.",2019,pubmed:31581973,title_abstract,exclude,5.1.2 general or community migrant sample not defined by skill
S175,Depression among Migrant and Left-Behind Children in China in Relation to the Quality of Parent-Child and Teacher-Child Relationships.,2015,pubmed:26719895,title_abstract,exclude,5.1.1 children/adolescents
S176,"The association between mental health symptoms and mobility limitation among Russian, Somali and Kurdish migrants: a population based study.",2015,pubmed:25884326,title_abstract,exclude,5.1.2 general or community migrant sample not defined by skill
S177,"Urban women's socioeconomic status, health service needs and utilization in the four weeks after postpartum hospital discharge: findings of a Canadian cross-sectional survey.",2008,pubmed:18834521,title_abstract,exclude,5.1.2 perinatal/mother sample not defined by skill
S178,Help-seeking intentions and depression treatment beliefs amongst Sri Lankan Australians: A survey following a mental health literacy framework.,2025,pubmed:39474728,title_abstract,exclude,5.1.2 general or community migrant sample not defined by skill
S179,Supporting Transition Resilience Among Newcomer Groups (STRONG): Examining effectiveness and acceptability in urban public schools.,2025,pubmed:39812455,title_abstract,exclude,5.1.1 children/adolescents
S180,Using Participatory Design Methodologies to Co-Design and Culturally Adapt the Spanish Version of the Mental Health eClinic: Qualitative Study.,2019,pubmed:31376271,title_abstract,exclude,5.1.2 general or community migrant sample not defined by skill
S181,Training community-based primary care physicians in the screening and management of mental health disorders among Latino primary care patients.,2016,pubmed:26598287,title_abstract,exclude,5.1.2 general or community migrant sample not defined by skill
S182,Disparities in perceived unmet need for supportive services among patients with lung cancer in the Cancer Care Outcomes Research and Surveillance Consortium.,2014,pubmed:24985538,title_abstract,exclude,5.2.5 no depressive-symptom outcome for migrants (methods/provider/service focus)
S183,"The influence of prenatal trauma, stress, social support, and years of residency in the US on postpartum maternal health status among low-income Latinas.",2011,pubmed:20652383,title_abstract,exclude,5.1.2 perinatal/mother sample not defined by skill
S184,Reliability and Validity of an Interviewer-Administered Adaptation of the Youth Self-Report for Mental Health Screening of Vulnerable Young People in Ethiopia.,2016,pubmed:26863626,title_abstract,exclude,5.1.1 children/adolescents
S185,"[Motives for consultation and demographic characteristics of a community of ""undocumented"" immigrants in the district of Usera-Villaverde (Madrid)].",2001,pubmed:11218970,title_abstract,exclude,5.1.2 general or community migrant sample not defined by skill
S186,Family economic stress and academic well-being among Chinese-American youth: the influence of adolescents' perceptions of economic strain.,2009,pubmed:19586191,title_abstract,exclude,5.1.1 children/adolescents
S187,"Level of distress, somatisation and beliefs on health-disease in newly arrived immigrant patients attended in primary care centres in Catalonia and definition of professional competences for their most effective management: PROMISE Project.",2013,pubmed:23641671,title_abstract,exclude,5.1.2 general or community migrant sample not defined by skill
S188,An observer-participant study in primary care of assessments of inability to work in immigrant patients with ongoing sick leave.,2003,pubmed:14695068,title_abstract,exclude,5.1.2 general or community migrant sample not defined by skill
S189,"Development and testing of culturally sensitive patient information material for Turkish, Polish, Russian and Italian migrants with depression or chronic low back pain (KULTINFO): study protocol for a double-blind randomized controlled trial.",2014,pubmed:24996511,title_abstract,exclude,5.1.2 general or community migrant sample not defined by skill
S190,Impact of current U.S. visa policies on Nigerian medical students and physicians seeking graduate medical education.,2026,pubmed:42015162,title_abstract,exclude,5.1.2 pre-migration Nigerian medical students/physicians; 5.2.5 anxiety only
S191,Self-care strategies among Arabic-speaking refugees and the Australian Mental Health Stepped Care Model: a Delphi consensus study.,2026,pubmed:41840682,title_abstract,exclude,5.2.4 forced-migrant sample without prior-profession data
S192,"Testing an integrated model of population mental health: study protocol for the epidemiological, two-arm Mannheim incidence and inception cohort study (MAKO).",2026,pubmed:42521307,title_abstract,exclude,5.2.6 review/protocol/commentary
S193,Conceptualizing Culturally Infused Engagement and Its Measurement for Ethnic Minority and Immigrant Children and Families.,2017,pubmed:28275923,title_abstract,exclude,5.2.6 review/protocol/commentary
S194,Mental health help-seeking behaviours of East Asian immigrants: a scoping review.,2025,pubmed:40631378,title_abstract,exclude,5.2.6 scoping review; mine reference list
S195,COMBINA: The EAAD four-level approach for depression and suicide prevention and wellbeing promotion in the community and vulnerable populations. A cross-country study protocol from the MENTBEST project.,2026,pubmed:42391280,title_abstract,exclude,5.2.6 review/protocol/commentary
S196,Access to Healthcare in Thailand During the COVID-19 Pandemic: A Qualitative Interview Study of Migrants From Myanmar.,2026,pubmed:42184329,title_abstract,exclude,5.2.4 forced-migrant sample without prior-profession data
S197,"Korean American Church Leaders as Mental Health Gatekeepers in the USA: A Needs Assessment of Readiness, Barriers, and Referrals.",2026,pubmed:41723803,title_abstract,exclude,5.1.2 general or community migrant sample not defined by skill
S198,Mental health and mental health help-seeking behaviors among first-generation voluntary African migrants: A systematic review.,2024,pubmed:38498578,title_abstract,exclude,5.2.6 systematic review; mine reference list
S199,Health Impacts of Restrictive Migration Policies: A Qualitative Study of Highly Educated Iranian Immigrants and International Students in the U.S.,2026,pubmed:40790105,title_abstract,include,
S200,Post-migration psychosocial experiences and challenges amongst LGBTQ+ forced migrants: A meta-synthesis of qualitative reports.,2023,pubmed:36320151,title_abstract,exclude,5.2.6 review/protocol/commentary
S201,The interactive role of chronic medical conditions and sleep disturbance in predicting depressive symptoms among Korean American older adults.,2011,pubmed:21140307,title_abstract,exclude,5.1.2 general or community migrant sample not defined by skill
S202,Understanding experiences of mental health help-seeking in Arab populations around the world: a systematic review and narrative synthesis.,2023,pubmed:37161342,title_abstract,exclude,5.2.6 review/protocol/commentary
S203,Seeking help for mental health problems outside the conventional health care system: results from the European Study of the Epidemiology of Mental Disorders (ESEMeD).,2010,pubmed:20840806,title_abstract,exclude,5.1.2 general or community migrant sample not defined by skill
S204,Ethnoracial differences in the clinical characteristics of Alzheimer's disease at initial presentation at an urban Alzheimer's disease center.,2011,pubmed:21522051,title_abstract,exclude,5.1.2 general or community migrant sample not defined by skill
S205,"Longitudinal linkages among parent-child acculturation discrepancy, parenting, parent-child sense of alienation, and adolescent adjustment in Chinese immigrant families.",2013,pubmed:22799587,title_abstract,exclude,5.1.1 children/adolescents
S206,A multilingual telephone service for crisis communication with migrant groups: Swedish experiences of responding to the COVID-19 pandemic.,2026,pubmed:41639809,title_abstract,exclude,5.1.2 general or community migrant sample not defined by skill
S207,"Hyperemesis Gravidarum in the context of migration: when the absence of cultural meaning gives rise to ""blaming the victim"".",2019,pubmed:31182057,title_abstract,exclude,5.1.2 perinatal/mother sample not defined by skill
S208,"Community health survey development, administration, social determinants and mental health in African immigrants and refugees in Portland Oregon.",2025,pubmed:41107794,title_abstract,exclude,5.1.2 general or community migrant sample not defined by skill
S209,"Traumatized refugees: morbidity, treatment and predictors of outcome.",2014,pubmed:25162447,title_abstract,exclude,5.2.6 review/protocol/commentary
S210,Emergency radiology in displaced populations: imaging and practical challenges.,2026,pubmed:40824166,title_abstract,exclude,5.2.6 review/protocol/commentary
S211,Migration-induced subjective social mobility and its associations with self-rated mental and general health: A systematic review and narrative synthesis.,2025,pubmed:40780122,title_abstract,exclude,5.2.6 systematic review; MINE REFERENCE LIST (downward social mobility and depression in migrants)
S212,"Effectiveness of a scalable, remotely delivered stepped-care intervention for psychological distress among Polish migrant workers in the Netherlands: The RESPOND randomised controlled trial.",2026,pubmed:42607061,title_abstract,exclude,5.1.2 low- or semi-skilled migrant workers
S213,Mental health and mental health care of South and East Asian immigrant pregnant women residing in five OECD Countries: A systematic review.,2026,pubmed:42127571,title_abstract,exclude,5.2.6 review/protocol/commentary
S214,Online and Offline Intervention for the Prevention of Postpartum Depression among Rural-to-Urban Floating Women: Study Protocol for a Randomized Control Trial.,2022,pubmed:35805609,title_abstract,exclude,5.2.6 review/protocol/commentary
S215,The perinatal mental health experiences of black immigrant mothers in the UK: A qualitative systematic review and thematic synthesis.,2025,pubmed:41417808,title_abstract,exclude,5.2.6 review/protocol/commentary
S009,Burnout and Emotional Well-Being among Nephrology Fellows: A National Online Survey.,2020,pubmed:32123052,full_text,exclude,5.1.3 not met: 35.4% positive depressive screen reported for all 347 fellows only; no estimate for the IMG subgroup (62.5%); IMG status not stratified (PDF p.678-680)
S016,Examining Pre-migration Health Among Filipino Nurses.,2015,pubmed:25385090,full_text,exclude,5.1.2 not met: nurses surveyed in Manila before migration (not yet international migrants); keep as context only
S039,The Extent of Psychosocial Distress among Immigrant and Non-Immigrant Homecare Nurses-A Comparative cross Sectional Survey.,2020,pubmed:32138277,full_text,include,
S058,Quality of Life and Psychometric Characteristics of Syrian Refugee Physicians Who Migrated to Turkey: A Cross-Sectional Study.,2023,pubmed:38094991,full_text,include,
S068,"Migration experiences, employment status and psychological distress among Somali immigrants: a mixed-method international study.",2012,pubmed:22954304,full_text,exclude,5.2.4: MINI sample (n=143 London; n=46 Minneapolis) defined by refugee status with no prior-profession measure; professionals appear only in focus groups; qualitative themes usable for secondary questions
S075,The association between cross-cultural competence and well-being among registered native and foreign-born nurses in Finland.,2018,pubmed:30532137,full_text,include,caveat: distress measured with 4 anxiety/depression items of GHQ-12 (not the full scale)
S090,Under-use of migrants' employment skills linked to poorer mental health.,2012,pubmed:22487345,full_text,exclude,5.2.7 full text not retrievable (paywalled); reviewer decision 2026-09-12 to leave it out
S107,"Microbusinesses and Occupational Stress: Emotional Demands, Job Resources, and Depression Among Korean Immigrant Microbusiness Owners in Toronto, Canada.",2019,pubmed:31588699,full_text,include,
S117,"'Wait and wait, that is the only thing they can say': a qualitative study exploring experiences of immigrated Syrian doctors applying for medical license in Germany.",2020,pubmed:32321507,full_text,exclude,5.2.5 qualitative interviews (n=20) with no validated measure; retain for secondary questions (licensing barriers; loss of status)
S135,Experiences of peripartum depressive symptoms among Chinese middle-class migrant women in the Netherlands: a qualitative study of migrant motherhood.,2023,pubmed:37670269,full_text,exclude,5.1.2 not met: peripartum sample selected on EPDS>=9 (not defined by career stage; mean EPDS 11.5 not interpretable as prevalence); qualitative
S138,Assessing the psychosocial work environment of migrant and non-migrant workers in inpatient mental health centres: A feasibility study.,2022,pubmed:36170329,full_text,exclude,5.2.5 COPSOQ only (burnout; general health); no depressive-symptom measure; 15 of 30 migrants are second-generation
S139,Changes in health after a work-related intervention among highly educated migrants in Norway: a pilot study.,2025,pubmed:41174618,full_text,include,HSCL-10 is a combined anxiety/depression scale; pilot n=21
S159,Downward social mobility and major depressive episodes among Latino and Asian-American immigrants to the United States.,2009,pubmed:19671834,full_text,include,migrant_type = mixed (not defined by profession); tests status-loss mechanism; clinical diagnosis (CIDI)
S172,The prevalence of mental health disorders and stress coping strategies among forced migrants from Ukraine and Russia.,2026,pubmed:41946888,full_text,include,migrant_type = mixed; forced migrants but education and qualification-match reported so 5.2.4 does not apply
S199,Health Impacts of Restrictive Migration Policies: A Qualitative Study of Highly Educated Iranian Immigrants and International Students in the U.S.,2026,pubmed:40790105,full_text,exclude,5.2.5 qualitative (n=23) with no validated measure; 60% current students (5.2.3); retain for secondary questions (visa uncertainty; family separation)
